scenario,observable,rmse,r2,delta_auc,relative_rmse,max_fractional_error
A1,tumour_volume_l,0.01133114369052718,-65.51576736143598,0.6895673189463034,0.7114663143162463,2.035072277201699
A1,pd1_occupancy,0.03531891063618235,-1.157679742928344,-2.1977461419021562,0.6219459907847039,0.7579412792318694
A1,tcell_density_per_ul,345.7686053163908,-27.84300631572965,-28488.842086445464,1.009734196363888,0.9939164599680204
